¿Cuándo un campo vectorial \(\vec{F}\) es <b>conservativo</b>? Definí función potencial (primitiva).	\(\vec{F}: A\subseteq\mathbb{R}^n \to \mathbb{R}^n\) es <b>conservativo</b> si existe un campo escalar \(\varphi\) tal que su gradiente es el campo:<br><br>\[\nabla\varphi = \vec{F}\]<br><br>Esa \(\varphi\) se llama <b>función primitiva o potencial</b> de \(\vec{F}\).<br><br>Ejemplo: \(\varphi(x,y)=xy\) es potencial de \(\vec{F}=(y,x)\), porque \(\nabla\varphi = (y,x) = \vec{F}\).<br><i>Fuente: 10-campos-conservativos.md</i>
Teorema de las <b>tres proposiciones equivalentes</b> para un campo \(\vec{F}\) continuo: enuncialas y decí la consecuencia práctica.	Si \(\vec{F}\) es continuo, son <b>equivalentes</b> (o valen las tres o ninguna):<br><br>1. \(\vec{F}\) es conservativo (\(\vec{F} = \nabla\varphi\)).<br>2. \(\int_\lambda \vec{F}\cdot d\lambda = \varphi(B) - \varphi(A)\) para toda curva contenida en el dominio: la integral depende <b>solo de los extremos</b> (independencia del camino).<br>3. \(\oint \vec{F}\cdot d\lambda = 0\) sobre <b>cualquier</b> curva cerrada contenida en el dominio.<br><br><b>Consecuencia práctica:</b> una circulación cerrada \(\neq 0\), o dos caminos con los mismos extremos e integrales distintas, prueban que \(\vec{F}\) <b>no</b> es conservativo.<br><i>Fuente: 10-campos-conservativos.md</i>
<b>El T1 más tomado:</b> enunciá y demostrá la condición NECESARIA para que \(\vec{F}=(f_1,f_2)\) admita función potencial. Indicá las hipótesis.	<b>Enunciado.</b> Hipótesis: \(\vec{F}=(f_1,f_2)\) de clase \(C^1\) y conservativo. Tesis:<br><br>\[\frac{\partial f_1}{\partial y} = \frac{\partial f_2}{\partial x}\]<br><br><b>Demostración.</b><br><br><b>Paso 1:</b> \(\vec{F}\) conservativo \(\Rightarrow\) existe \(\varphi\) con \(\nabla\varphi=\vec{F}\), es decir \(\dfrac{\partial\varphi}{\partial x}=f_1\) y \(\dfrac{\partial\varphi}{\partial y}=f_2\).<br><br><b>Paso 2:</b> derivar la primera respecto de \(y\) y la segunda respecto de \(x\):<br><br>\[\frac{\partial^2\varphi}{\partial y\,\partial x} = \frac{\partial f_1}{\partial y}, \qquad \frac{\partial^2\varphi}{\partial x\,\partial y} = \frac{\partial f_2}{\partial x}\]<br><br><b>Paso 3:</b> como \(\vec{F}\in C^1\), \(\varphi\in C^2\), y por el <b>teorema de Schwarz</b> las derivadas cruzadas coinciden.<br><br><b>Paso 4:</b> por lo tanto \(\dfrac{\partial f_1}{\partial y} = \dfrac{\partial f_2}{\partial x}\). \(\blacksquare\)<br><br>Ojo: es solo <b>necesaria</b> — cumplirla NO garantiza que el campo sea conservativo (ver la carta del contraejemplo).<br><i>Fuente: 10-campos-conservativos.md</i>
Condición SUFICIENTE para que \(\vec{F}=(f_1,f_2)\) sea conservativo. ¿Vale el recíproco?	Si \(\vec{F}\in C^1\), cumple la condición necesaria \(\dfrac{\partial f_1}{\partial y}=\dfrac{\partial f_2}{\partial x}\) <b>y</b> su dominio es <b>simplemente conexo</b> (sin agujeros) \(\Rightarrow\) \(\vec{F}\) es conservativo.<br><br><b>El recíproco NO vale:</b> un campo conservativo puede tener dominio no simplemente conexo. Ejemplo del apunte: \(\vec{F} = \left(\dfrac{x}{\sqrt{x^2+y^2}},\ \dfrac{y}{\sqrt{x^2+y^2}}\right)\) con dominio \(\mathbb{R}^2-\{(0,0)\}\) es conservativo (su potencial es \(\sqrt{x^2+y^2}+C\)).<br><i>Fuente: 10-campos-conservativos.md</i>
Demostrá que si \(\vec{F}\) es conservativo con potencial \(\varphi\), entonces \(\int_{A\to B}\vec{F}\cdot d\lambda = \varphi(B)-\varphi(A)\) (T1 de 2022-11-24).	Sea \(\lambda:[a,b]\to\mathbb{R}^n\) una curva \(C^1\) contenida en el dominio, con \(\lambda(a)=A\), \(\lambda(b)=B\), y \(\vec{F}=\nabla\varphi\).<br><br><b>Paso 1:</b> definí \(h(t) = \varphi(\lambda(t))\). Por <b>regla de la cadena</b>:<br><br>\[h'(t) = \nabla\varphi(\lambda(t))\cdot\lambda'(t) = \vec{F}(\lambda(t))\cdot\lambda'(t)\]<br><br><b>Paso 2:</b> entonces la integral de línea es la integral de \(h'\):<br><br>\[\int_\lambda \vec{F}\cdot d\lambda = \int_a^b \vec{F}(\lambda(t))\cdot\lambda'(t)\,dt = \int_a^b h'(t)\,dt\]<br><br><b>Paso 3:</b> por <b>regla de Barrow</b>:<br><br>\[= h(b) - h(a) = \varphi(\lambda(b)) - \varphi(\lambda(a)) = \varphi(B) - \varphi(A) \quad\blacksquare\]<br><br>La integral no depende de la curva, solo de los extremos. <i>(En el apunte 10 es la Proposición 2 del teorema de equivalencia; esta es la demostración estándar: regla de la cadena + Barrow.)</i><br><i>Fuente: 10-campos-conservativos.md (Prop. 2)</i>
Método práctico completo para decidir si \(\vec{F}=(f_1,f_2)\) es conservativo (con y sin agujeros en el dominio).	<b>Paso 1 — condición necesaria:</b> ¿\(\dfrac{\partial f_1}{\partial y} = \dfrac{\partial f_2}{\partial x}\)? Si <b>no</b> \(\Rightarrow\) no es conservativo, fin.<br><br><b>Paso 2 — mirar el dominio</b> (si la condición se cumplió):<br><br>- Dominio <b>sin agujeros</b> (simplemente conexo) \(\Rightarrow\) <b>ES conservativo</b> (sobre cualquier curva cerrada se aplica Green y el rotor es \(0\)).<br>- Dominio <b>con agujero</b> \(\Rightarrow\) calcular la circulación sobre una curva cerrada que encierre el agujero (una circunferencia): si da \(\neq 0\) \(\Rightarrow\) NO es conservativo; si da \(0\) \(\Rightarrow\) SÍ lo es.<br><i>Fuente: 10-campos-conservativos.md</i>
Contraejemplo clave: \(\vec{F} = \left(\dfrac{-y}{x^2+y^2},\ \dfrac{x}{x^2+y^2}\right)\) en \(\mathbb{R}^2-\{(0,0)\}\). ¿Cumple la condición necesaria? ¿Es conservativo?	<b>Cumple</b> la condición necesaria: ambas derivadas cruzadas dan \(\dfrac{y^2-x^2}{(x^2+y^2)^2}\).<br><br><b>Pero NO es conservativo:</b> sobre una circunferencia de radio \(r\) centrada en el origen,<br><br>\[\oint \vec{F}\cdot d\lambda = \int_0^{2\pi}(\sin^2 t + \cos^2 t)\,dt = 2\pi \neq 0\]<br><br><b>Moraleja de examen:</b> cuando el dominio tiene agujeros, la condición necesaria no alcanza — hay que chequear la circulación alrededor del agujero.<br><i>Fuente: 10-campos-conservativos.md (Ej. 4)</i>
<b>Método 1</b> para calcular la función potencial (ecuación diferencial total exacta): pasos.	Sabiendo que \(\vec{F}=(f_1,f_2)\) es conservativo (\(g'_x = f_1\), \(g'_y = f_2\)):<br><br><b>Paso 1:</b> integrar \(f_1\) respecto de \(x\): \(g = \int f_1\,dx + h(y)\) — la "constante" de integración es una <b>función de \(y\)</b>.<br><br><b>Paso 2:</b> derivar esa \(g\) respecto de \(y\).<br><br><b>Paso 3:</b> comparar con \(f_2\) \(\Rightarrow\) despejar \(h'(y)\).<br><br><b>Paso 4:</b> integrar \(h'(y)\) para obtener \(h(y)\). Resultado: \(g(x,y) = \dots + C\).<br><br><b>Verificación (recomendada en el examen):</b> calcular \(\nabla g\) y comprobar que da \(\vec{F}\).<br><i>Fuente: 11-función-potencial.md</i>
<b>Método 2</b> para calcular la función potencial (integral de línea): fórmula y limitación.	Por independencia del camino, se integra sobre el <b>segmento</b> \(\vec{r}(t)=(tx,\,ty)\), \(t\in[0,1]\), con \(\vec{r}\,'(t)=(x,y)\):<br><br>\[g(x,y) = \int_0^1 \vec{F}(tx,\,ty)\cdot(x,y)\,dt + C\]<br><br>(\(C = g(0,0)\) queda como constante arbitraria).<br><br><b>Limitación:</b> el segmento del origen a \((x,y)\) debe estar <b>incluido en el dominio</b> del campo. Si \((0,0)\) no pertenece al dominio (p. ej. dominio \(\mathbb{R}^2-\{(0,0)\}\)), este método con ese punto base <b>no se puede aplicar</b>.<br><i>Fuente: 11-función-potencial.md</i>
El clásico del parcial: «verificar que \(\vec{F}\) es conservativo y calcular su potencial sabiendo que vale \(k\) en el punto \(P\)». Pasos.	<b>Paso 1:</b> condición necesaria (y dominio simplemente conexo, típicamente \(\mathbb{R}^2\)) \(\Rightarrow\) conservativo.<br><br><b>Paso 2:</b> potencial genérico \(\varphi(x,y)+C\) por el método 1 (o el 2).<br><br><b>Paso 3:</b> imponer \(\varphi(P)=k\) \(\Rightarrow\) despejar \(C\).<br><br><b>Paso 4:</b> escribir el potencial final (y evaluarlo en otro punto si lo piden).<br><br>Con esta mecánica exacta cae en <b>2015-11-25, 2019-11-21, 2022-07-15 y 2022-11-24</b>.<br><i>Fuente: 10/11 + banco del INDICE</i>
Coordenadas cilíndricas: escribí la transformación completa, el rango de cada variable y su jacobiano.	Combinan polares en el plano \(xy\) con la altura \(z\) sin cambios:<br><br>\[x = \rho\cos\varphi, \quad y = \rho\sin\varphi, \quad z = z\]<br><br>con \(\rho \ge 0\) y \(\varphi \in [0, 2\pi]\).<br><br><b>Jacobiano:</b><br><br>\[J = \rho, \qquad |J| = \rho\]<br><br>(se obtiene desarrollando el determinante \(3\times 3\) por la columna de \(z\), que tiene muchos ceros; equivale al jacobiano de las polares).<br><br><b>Cuándo usarlas:</b> simetría respecto del eje \(z\) (aparece \(x^2+y^2\) en la región o el integrando). Al transformar: \(x^2+y^2 = \rho^2\) y \(\sqrt{x^2+y^2} = \rho\) (pues \(\rho \ge 0\)).<br><i>Fuente: 04-integrales-triples-i.md</i>
Coordenadas esféricas (versión de la cátedra, con \(\theta\) medido desde el plano \(xy\)): transformación completa, rangos y jacobiano. ¿Cuánto vale \(|J|\) y por qué se pueden sacar las barras de módulo?	- \(\rho\): distancia del punto al origen, \(\rho \ge 0\).<br>- \(\theta\): ángulo del segmento con el <b>plano \(xy\)</b>, \(\theta \in \left[-\frac{\pi}{2}, \frac{\pi}{2}\right]\) (positivo por encima del plano).<br>- \(\varphi\): ángulo de la proyección sobre el plano \(xy\) con el eje \(x\), \(\varphi \in [0, 2\pi]\).<br><br>\[x = \rho\cos\theta\cos\varphi, \quad y = \rho\cos\theta\sin\varphi, \quad z = \rho\sin\theta\]<br><br><b>Jacobiano</b> (recordarlo de memoria):<br><br>\[J = -\rho^2\cos\theta \qquad\Rightarrow\qquad |J| = \rho^2\cos\theta\]<br><br>porque \(\rho^2 \ge 0\) siempre y \(\cos\theta \ge 0\) al ser \(\theta \in \left[-\frac{\pi}{2},\frac{\pi}{2}\right]\).<br><br><b>Chequeo clásico:</b> volumen de la esfera de radio \(R\): \(\rho\in[0,R]\), \(\theta\in[-\frac{\pi}{2},\frac{\pi}{2}]\), \(\varphi\in[0,2\pi]\) da \(2\pi \cdot 2 \cdot \frac{R^3}{3} = \frac{4}{3}\pi R^3\).<br><i>Fuente: 04-integrales-triples-i.md</i>
¿Cómo se calcula un volumen (a) con una integral doble y (b) con una integral triple? ¿Cuándo vale la interpretación como volumen en el caso doble?	<b>(a) Con integral doble:</b> si la gráfica de \(f\) es <b>positiva</b> (está por encima del plano \(xy\)), \(\iint_D f\,dA\) es el volumen del sólido entre \(z=f(x,y)\) y el plano \(xy\) sobre \(D\). Entre dos gráficas (la de arriba menos la de abajo):<br><br>\[V = \iint_D (f_2 - f_1)\,dA\]<br><br>⚠️ Solo vale si \(f\) está por encima del plano \(xy\); si toma valores positivos y negativos, se compensan y ya no representa un volumen.<br><br><b>(b) Con integral triple:</b> integrar la <b>función unitaria</b> sobre la región \(E\):<br><br>\[V_E = \iiint_E 1\,dV = \iint_D \left[h_2(x,y) - h_1(x,y)\right] dA\]<br><br>(la integral interior en \(z\) da techo menos piso). No confundir el volumen de la región con la integral de una función sobre esa región: solo coinciden cuando la función es la unitaria.<br><i>Fuente: 04-integrales-triples-i.md</i>
Masa de un cuerpo \(\Omega\) con densidad \(\delta(x,y,z)\): fórmula y pasos típicos de resolución (caso con simetría respecto del eje \(z\)).	El diferencial de masa es \(dm = \delta\,dx\,dy\,dz\), y la masa es la integral triple de la densidad sobre todo el cuerpo:<br><br>\[m_\Omega = \iiint_{\Omega} \delta\,dx\,dy\,dz\]<br><br><b>Método típico</b> (ej.: \(x^2+y^2\le 9\), \(0\le z\le 16-x^2-y^2\), \(\delta = k\sqrt{x^2+y^2}\)):<br>1. Por la simetría respecto del eje \(z\) usar <b>cilíndricas</b> con \(|J| = \rho\).<br>2. Transformar región: \(\rho \le 3\), \(0 \le z \le 16-\rho^2\), \(\varphi\in[0,2\pi]\); y densidad: \(\delta = k\rho\).<br>3. Integrar primero en \(z\) (da techo menos piso), luego la integral en \(\varphi\) aporta \(2\pi\) si el integrando no depende de \(\varphi\):<br><br>\[m = \int_0^{2\pi}\!\!\int_0^3\!\!\int_0^{16-\rho^2} (k\rho)\cdot\rho\,dz\,d\rho\,d\varphi = \frac{954}{5}\pi k\]<br><br><b>No olvidar:</b> densidad <b>por</b> jacobiano en el integrando.<br><i>Fuente: 04-integrales-triples-i.md</i>
¿Cómo se expresan el área de una región plana \(D\) y la masa de una placa con densidad \(\delta(x,y)\) como integrales dobles?	<b>Área:</b> integral doble de la función unitaria sobre \(D\):<br><br>\[\text{Área}(D) = \iint_D 1\,dA = \int_a^b \big(h(x) - g(x)\big)\,dx\]<br><br>(la integral interior de \(1\,dy\) da \(h(x)-g(x)\), y se recupera el área entre dos curvas de Análisis I).<br><br><b>Masa de una placa plana</b> con densidad \(\delta(x,y)\):<br><br>\[m = \iint_D \delta(x,y)\,dx\,dy\]<br><br>Si \(\delta = 1\) la integral da el área; si no, la masa. Con densidad, los momentos estáticos y baricentros se redefinen agregando \(\delta\) en el integrando, y en el baricentro el denominador pasa de ser el área \(A_D\) a ser la masa \(m\).<br><i>Fuente: 01-integrales-dobles-i.md</i>
Momentos estáticos \(M_x\), \(M_y\) de una región plana \(D\) y coordenadas del baricentro \((x_G, y_G)\). ¡Ojo con cuál momento va en cada coordenada!	<b>Momentos estáticos (primer orden):</b><br><br>\[M_x = \iint_D y\,dx\,dy \qquad M_y = \iint_D x\,dx\,dy\]<br><br>(respecto al eje \(x\) se integra \(y\), y viceversa).<br><br><b>Baricentro</b> (cada coordenada usa el momento respecto del eje <i>contrario</i>):<br><br>\[x_G = \frac{M_y}{A_D} = \frac{\iint_D x\,dx\,dy}{A_D} \qquad y_G = \frac{M_x}{A_D} = \frac{\iint_D y\,dx\,dy}{A_D}\]<br><br><b>Atajos que ahorran cuentas:</b><br>- Si la región es simétrica respecto de un eje, el integrando antisimétrico da integral \(0\) (ej.: semicírculo simétrico respecto del eje \(y\) ⟹ \(x_G = 0\)).<br>- El momento estático respecto de un eje <b>baricéntrico</b> vale \(0\) (\(M_x = y_G\cdot A_D = 0\)).<br>- Resultados de referencia: triángulo rectángulo: baricentro a \(\frac{b}{3}\) y \(\frac{h}{3}\) de los catetos; semicírculo: \(y_G = \frac{4R}{3\pi}\).<br><i>Fuente: 03-integrales-dobles-iii.md</i>
Momentos estáticos de un cuerpo respecto a los planos coordenados y coordenadas del centro de masa \((x_c, y_c, z_c)\).	<b>Momentos estáticos respecto a los planos coordenados</b> (distancia al plano por densidad):<br><br>\[M_{x=0} = \iiint_{\Omega} x\,\delta\,dx\,dy\,dz, \quad M_{y=0} = \iiint_{\Omega} y\,\delta\,dx\,dy\,dz, \quad M_{z=0} = \iiint_{\Omega} z\,\delta\,dx\,dy\,dz\]<br><br><b>Centro de masa</b> (momento sobre masa):<br><br>\[x_c = \frac{M_{x=0}}{m_\Omega}, \qquad y_c = \frac{M_{y=0}}{m_\Omega}, \qquad z_c = \frac{M_{z=0}}{m_\Omega}\]<br><br>con \(m_\Omega = \iiint_\Omega \delta\,dx\,dy\,dz\).<br><br><b>Atajo:</b> si \(\Omega\) es simétrico respecto de un plano y el integrando es antisimétrico, la integral vale \(0\) (ej.: paraboloide \(z = 1-x^2-y^2\) sobre \(z=0\) ⟹ \(M_{x=0} = M_{y=0} = 0\) y el centro de masa queda sobre el eje \(z\): \((0, 0, \frac{1}{3})\)).<br><i>Fuente: 05-integrales-triples-ii.md</i>
Área de una superficie simple: fórmula para una parametrización \(\sigma(u,v)\) y fórmula cuando la superficie es la gráfica de \(z(x,y)\) definida implícitamente por \(g(x,y,z)=0\). ¿Qué requisito tiene la segunda?	<b>Caso paramétrico:</b><br><br>\[A = \iint_{D} \left\| \sigma'_u \times \sigma'_v \right\| du\,dv\]<br><br>donde \(\sigma'_u \times \sigma'_v = \vec{N}\) es normal a la superficie y su norma es el área del paralelogramo tangente: \(d\sigma = \|\sigma'_u \times \sigma'_v\|\,du\,dv\). El área <b>no depende de la parametrización</b>.<br><br><b>Caso gráfica / conjunto de nivel \(g(x,y,z)=0\):</b><br><br>\[A = \iint_{D} \frac{\left\| \nabla g \right\|}{\left| g'_z \right|} dx\,dy\]<br><br>con \(D\) la proyección sobre el plano \(xy\). Sale de que para \(\sigma = (x, y, z(x,y))\): \(\sigma'_x \times \sigma'_y = (-z'_x, -z'_y, 1)\) y, por función implícita, \(z'_x = -\frac{g'_x}{g'_z}\), \(z'_y = -\frac{g'_y}{g'_z}\).<br><br><b>Requisito:</b> la superficie debe verse realmente como gráfica de una función \(z(x,y)\) con \(g'_z \ne 0\) (no sirve para la esfera completa: para un mismo \((x,y)\) habría dos imágenes; se calcula media y se multiplica por 2).<br><br><b>Referencia:</b> esfera de radio \(r\): \(\|\sigma'_\theta \times \sigma'_\varphi\| = r^2\cos\theta\) y \(A = 4\pi r^2\).<br><i>Fuente: 12-área-de-una-superficie.md</i>
Masa de una chapa: ¿cómo se integra un campo escalar \(f\) sobre una superficie \(S\) (forma paramétrica y forma de gráfica)? ¿Y el valor medio?	<b>Forma paramétrica</b> (campo evaluado en la superficie por diferencial de área):<br><br>\[\iint_S f\,dS = \iint_V f(\sigma(u,v))\,\left\| \sigma'_u \times \sigma'_v \right\| du\,dv\]<br><br><b>Superficie dada como conjunto de nivel</b> \(g(x,y,z)=0\) (gráfica de \(z(x,y)\)):<br><br>\[\iint_S f\,dS = \iint_R f(x, y, z(x,y))\,\frac{\left\| \nabla g \right\|}{\left| g'_z \right|}\,dx\,dy\]<br><br>con \(R\) la proyección sobre el plano \(xy\). El resultado <b>no depende de la parametrización</b>.<br><br><b>Valor medio:</b><br><br>\[f_{\text{medio}} = \frac{\iint_S f\,dS}{\text{Área}(S)}\]<br><br><b>Referencia</b> (masa de la semiesfera de radio \(r\) con \(f = kz\)): en esféricas \(f(\sigma) = kr\sin\theta\), diferencial \(r^2\cos\theta\), y da \(k\pi r^3\) por cualquiera de los dos caminos.<br><i>Fuente: 13-masa-de-una-chapa.md</i>
Integral de un campo vectorial \(\vec{F}\) a lo largo de una curva \(C\) parametrizada por \(\lambda(t)\), \(t\in[a,b]\): definición, cómo se reduce a integral simple y notación diferencial.	<b>Definición:</b><br><br>\[\int_C \vec{F} \cdot d\vec{\lambda} = \int_a^b \vec{F}(\lambda(t)) \cdot \lambda'(t)\,dt\]<br><br>Si la curva es <b>cerrada</b> se escribe \(\oint_C \vec{F}\cdot d\vec{\lambda}\) y se llama <b>circulación</b>. Físicamente es el <b>trabajo</b> del campo de fuerza: \(dW = (\vec{F}\cdot\breve{T})\,d\lambda = \vec{F}(\lambda(t))\cdot\lambda'(t)\,dt\).<br><br><b>Reducción a integral simple</b> — pasos:<br>1. Derivar la parametrización: \(\lambda'(t)\).<br>2. Evaluar el campo en los puntos de la curva: \(\vec{F}(\lambda(t))\).<br>3. Hacer el producto escalar → función de una sola variable.<br>4. Integrar respecto de \(t\) entre \(a\) y \(b\).<br><br><b>Notación diferencial</b> (curva gráfica de \(y=f(x)\), con \(\lambda(x)=(x,f(x))\) y \(y'dx = dy\)):<br><br>\[\int_C f_1\,dx + f_2\,dy\]<br><br>⚠️ El resultado depende de la <b>curva</b> (no solo de los extremos) y de la <b>orientación</b>.<br><i>Fuente: 08-trabajo-de-un-campo-vectorial.md</i>
¿Cómo se determina el sentido de recorrido de una curva parametrizada y cómo se invierte? ¿Qué le pasa a la integral del campo al invertir la orientación?	<b>Determinar el sentido (2 formas):</b><br>1. <b>Asignar valores crecientes</b> a la variable y ver cómo se desplaza el punto. Ej.: en \(\beta(t) = (r\cos t, r\sin t)\), en \(t=0\) el punto es \((r,0)\) y en \(t=\pi/2\) es \((0,r)\) → recorrido <b>antihorario</b>.<br>2. <b>Analizar el vector velocidad</b> \(\lambda'(t)\): apunta en la dirección del movimiento; ubicándolo en un punto de la curva se ve hacia dónde avanza.<br><br><b>Invertir la parametrización:</b><br>- Sustituir la variable: en \([0,1]\), reemplazar \(t = 1-s\) (las imágenes se recorren en orden inverso).<br>- En la circunferencia: <b>cambiar el signo de la coordenada \(y\)</b>: \(\gamma(t) = (r\cos t, -r\sin t)\) → sentido horario.<br><br><b>Efecto en la integral (teorema de reparametrización):</b> si la reparametrización conserva la orientación, la integral es <b>igual</b>; si la invierte, la integral tiene el <b>signo opuesto</b> (mismo valor absoluto). Ej.: la parábola de \((0,0)\) a \((1,1)\) con \(\vec{F}=(1,x)\) da \(\frac{5}{3}\); recorrida al revés da \(-\frac{5}{3}\).<br><i>Fuente: 08-trabajo-de-un-campo-vectorial.md</i>
Longitud de una curva simple parametrizada por \(\lambda(t)\), \(t\in[a,b]\): fórmula (la única a retener de este apunte).	\[L = \int_a^b \left\| \lambda'(t) \right\| dt\]<br><br>Es la integral de la <b>norma de la derivada</b> de la parametrización entre los extremos del intervalo del parámetro. El diferencial de longitud es \(d\lambda = \|\lambda'(t)\|\,dt\), y el resultado no depende de la parametrización.<br><br><b>Chequeo:</b> circunferencia \(\lambda(t) = (r\cos t, r\sin t)\), \(t\in[0,2\pi]\): \(\lambda'(t) = (-r\sin t, r\cos t)\), \(\|\lambda'\| = r\) y \(L = 2\pi r\).<br><i>Fuente: 06-longitud-de-una-curva.md</i>
Enunciá el teorema de cambio de variables para integrales triples: hipótesis sobre la transformación \(g\) y tesis.	<b>Hipótesis:</b> \(g\) es una transformación de coordenadas del conjunto \(E^<i>\) (en las variables \(u,v,w\)) al conjunto \(E\) (en \(x,y,z\)) tal que, en el <b>interior</b> de \(E^</i>\):<br>- \(g\) es <b>inyectiva</b> (a puntos distintos les corresponden imágenes distintas),<br>- \(g\) es de <b>clase \(C^1\)</b> (las tres componentes con derivadas parciales continuas),<br>- el <b>jacobiano no se anula</b>, donde<br><br>\[J = \frac{\partial(x,y,z)}{\partial(u,v,w)} = \det \begin{pmatrix} x'_u & x'_v & x'_w \\ y'_u & y'_v & y'_w \\ z'_u & z'_v & z'_w \end{pmatrix}\]<br><br><b>Tesis:</b><br><br>\[\iiint_E f(x,y,z)\,dx\,dy\,dz = \iiint_{E^*} f\big(g(u,v,w)\big)\,|J|\,du\,dv\,dw\]<br><br>Es el mismo teorema de las integrales dobles agregando una variable. ⚠️ En la integral va el <b>módulo</b> del jacobiano.<br><i>Fuente: 04-integrales-triples-i.md</i>
Valor medio de una función sobre una región del plano (\(D\)) y sobre una región del espacio (\(E\)).	<b>En el plano</b> (integrales dobles):<br><br>\[\bar{f} = \frac{\iint_D f\,dA}{\text{Área}(D)} = \frac{\iint_D f\,dA}{\iint_D 1\,dA}\]<br><br><b>En el espacio</b> (integrales triples):<br><br>\[\bar{f} = \frac{\iiint_E f\,dV}{\iiint_E 1\,dV} = \frac{1}{V_E}\iiint_E f\,dV\]<br><br>Equivalentemente \(\iiint_E f\,dV = \bar{f}\cdot V_E\): sirve como verificación rápida (ej.: función lineal sobre un cuadrado → valor medio en el centro por el área).<br><i>Fuente: 04-integrales-triples-i.md</i>
Enunciá formalmente el <b>Teorema de la Divergencia (Gauss)</b>, con hipótesis y tesis.	<b>Hipótesis:</b><br>- \(\vec{F}: A \subseteq \mathbb{R}^3 \to \mathbb{R}^3\) campo vectorial de <b>clase \(C^1\)</b> (cada función componente tiene derivadas parciales continuas respecto de las tres variables).<br>- \(\Omega\) es una <b>región simple del espacio</b>, incluida dentro del dominio del campo (se puede evaluar \(\vec{F}\) en cualquier punto de la región).<br>- \(\partial\Omega\) es la superficie frontera de \(\Omega\) (superficie simple y orientable por partes, cerrada), <b>orientada en forma positiva</b>: normales hacia el exterior.<br><br><b>Tesis:</b> el flujo del campo a través de la frontera cerrada es igual a la integral triple de la divergencia sobre la región:<br>\[\oiint_{\partial\Omega} \vec{F} \cdot d\vec{S} = \iiint_{\Omega} \operatorname{div}\vec{F}\,dx\,dy\,dz\]<br><br>Relaciona una integral de superficie (flujo por superficie cerrada) con una integral triple.<br><i>Fuente: 15-divergencia.md</i>
Enunciá el <b>Teorema del rotor (Stokes)</b>, con hipótesis y tesis.	<b>Hipótesis:</b><br>- \(\vec{F}\) campo vectorial de (un subconjunto de) \(\mathbb{R}^3 \to \mathbb{R}^3\), de <b>clase \(C^1\)</b> (todas sus derivadas parciales continuas).<br>- \(S\) superficie <b>simple y orientable</b> incluida en el dominio del campo, con parametrización \(\sigma\) (sobre una región \(D\) del plano) tal que el <b>borde de \(S\) es una curva regular y simple</b>.<br>- El <b>borde de \(S\) orientado en correspondencia</b> con el campo de versores normales \(\vec{n}\): caminando con la cabeza en la dirección de \(\vec{n}\) y dejando la superficie a la izquierda.<br><br><b>Tesis:</b> la circulación (trabajo) de \(\vec{F}\) a lo largo del borde de \(S\) es igual al <b>flujo del rotor</b> de \(\vec{F}\) a través de \(S\):<br>\[\oint_{\partial S} \vec{F} \cdot d\vec{r} = \iint_{S} \operatorname{rot}\vec{F} \cdot d\vec{S}\]<br><i>Fuente: 16-rotor-en-el-espacio.md</i>
¿Cómo se define el <b>flujo de un campo vectorial \(\vec{F}\) a través de una superficie \(S\)</b> parametrizada por \(\sigma\)? (fórmula con el producto vectorial fundamental)	Sea \(\vec{F}\) definido en \(A \subseteq \mathbb{R}^3\) y \(S\) una superficie simple y orientable (por partes) parametrizada por \(\sigma: D \subseteq \mathbb{R}^2 \to \mathbb{R}^3\), <b>incluida en el dominio del campo</b>:<br>\[\iint_S \vec{F} \cdot d\vec{S} = \iint_D \vec{F}(\sigma(u,v)) \cdot \left( \sigma'_u \times \sigma'_v \right) du\,dv\]<br><br>Es la integral doble sobre \(D\) del campo <b>evaluado en los puntos de la superficie</b>, producto escalar con el <b>producto vectorial de las derivadas parciales</b> de la parametrización (\(\sigma'_u \times \sigma'_v\) = vector normal a \(S\), no nulo si \(S\) es regular).<br><br>Interpretación física: si \(\vec{F}\) es el campo de velocidades de un fluido, el flujo es el <b>caudal</b> (\(\vec{F}\cdot\check{n}\,dS\) con \(dS = \|\sigma'_u \times \sigma'_v\|\,du\,dv\); las normas se cancelan). Si \(S\) es cerrada se puede agregar un circulito al signo integral, pero la integral es la misma.<br><i>Fuente: 14-flujo.md</i>
Definí la <b>divergencia</b> de un campo vectorial \(\vec{F} = (f_1, f_2, f_3)\). ¿Qué tipo de objeto resulta?	\[\operatorname{div}\vec{F} = \frac{\partial f_1}{\partial x} + \frac{\partial f_2}{\partial y} + \frac{\partial f_3}{\partial z}\]<br><br>Se interpreta como el <b>producto escalar del operador nabla</b> con el campo:<br>\[\operatorname{div}\vec{F} = \nabla \cdot \vec{F} = \left( \frac{\partial}{\partial x}, \frac{\partial}{\partial y}, \frac{\partial}{\partial z} \right) \cdot (f_1, f_2, f_3)\]<br><br>La divergencia de un campo vectorial <b>siempre resulta un campo escalar</b>: a cada punto del espacio le corresponde un número real.<br><br>Ejemplos: \(\vec{F}=(x,y,z) \Rightarrow \operatorname{div}\vec{F} = 1+1+1 = 3\) (constante); \(\vec{F}=(x^3,y^3,z^3) \Rightarrow \operatorname{div}\vec{F} = 3(x^2+y^2+z^2)\).<br><i>Fuente: 15-divergencia.md</i>
¿Cómo se calcula el <b>rotor</b> de \(\vec{F} = (f_1, f_2, f_3)\) con la regla del determinante? Escribí el determinante y el vector resultante.	El rotor es el <b>producto vectorial del operador nabla con el campo</b>; se resuelve con un determinante (nabla en el segundo renglón, componentes del campo en el tercero):<br>\[\operatorname{rot}\vec{F} = \nabla \times \vec{F} = \begin{vmatrix} \vec{i} & \vec{j} & \vec{k} \\ \dfrac{\partial}{\partial x} & \dfrac{\partial}{\partial y} & \dfrac{\partial}{\partial z} \\ f_1 & f_2 & f_3 \end{vmatrix}\]<br><br>\[\operatorname{rot}\vec{F} = \left( \frac{\partial f_3}{\partial y} - \frac{\partial f_2}{\partial z},\; \frac{\partial f_1}{\partial z} - \frac{\partial f_3}{\partial x},\; \frac{\partial f_2}{\partial x} - \frac{\partial f_1}{\partial y} \right)\]<br><br>Si \(\operatorname{rot}\vec{F} = (0,0,0)\) el campo se llama <b>irrotacional</b>. Ejemplo: \(\vec{F} = (-y, x, 0) \Rightarrow \operatorname{rot}\vec{F} = (0, 0, 2)\).<br><i>Fuente: 16-rotor-en-el-espacio.md</i>
¿Cómo se calcula el flujo cuando la superficie viene dada por una <b>ecuación cartesiana</b> \(g(x,y,z) = 0\) (con \(z\) dependiente de \(x,y\))? ¿Cuándo NO sirve esta fórmula?	Si la superficie es el conjunto de nivel cero de \(g\) y una variable depende de las otras dos (p. ej. \(z = z(x,y)\), cumpliendo el teorema de la función implícita):<br>\[\iint_S \vec{F} \cdot d\vec{S} = \iint_{D_{xy}} \vec{F} \cdot \frac{\nabla g}{\left| g'_z \right|}\, dx\, dy\]<br><br>donde \(\vec{F}\) se <b>evalúa en los puntos de la superficie</b> (reemplazando \(z\) en términos de \(x,y\)) y \(D_{xy}\) es la <b>proyección</b> de la superficie al plano \(xy\).<br><br>Ojo: a diferencia de campos escalares/áreas, NO se usa la norma del gradiente sino <b>el gradiente directamente</b> (\(\nabla g\) es un vector normal; su sentido fija la orientación).<br><br><b>Restricción:</b> una variable debe depender de las otras dos. <b>No sirve</b> para una esfera completa: a un mismo \((x,y)\) le corresponderían dos imágenes (una arriba y otra abajo del plano \(xy\)).<br><br>Ejemplo (paraboloide \(z = x^2+y^2\), \(z\le 1\)): \(g = z - x^2 - y^2\), \(\nabla g = (-2x, -2y, 1)\), \(g'_z = 1\), se integra sobre \(x^2+y^2 \le 1\) pasando a polares.<br><i>Fuente: 14-flujo.md</i>
¿Qué es un campo <b>solenoidal</b>? ¿Cómo se resuelve "hallar \(g\) para que \(\vec{F}\) sea solenoidal"?	Un campo es <b>solenoidal</b> cuando su divergencia vale <b>cero en cualquier punto</b> del espacio:<br>\[\operatorname{div}\vec{F} = 0\]<br><br>En campos de velocidades de líquidos, divergencia cero se dice que el campo es <b>incompresible</b>. Ejemplo clave del apunte: el campo radial \(\vec{F} = c\,\dfrac{(x,y,z)}{(x^2+y^2+z^2)^{3/2}}\) tiene \(\operatorname{div}\vec{F} = 0\) en todo su dominio (\(\mathbb{R}^3 - \{(0,0,0)\}\)).<br><br><b>Método para "hallar \(g\)"</b> (ej.: \(\vec{F} = (f_1, f_2, g)\)):<br><br>1. Plantear \(\operatorname{div}\vec{F} = \frac{\partial f_1}{\partial x} + \frac{\partial f_2}{\partial y} + \frac{\partial g}{\partial z} = 0\).<br>2. Despejar \(\frac{\partial g}{\partial z} = -\left(\frac{\partial f_1}{\partial x} + \frac{\partial f_2}{\partial y}\right)\).<br>3. Integrar respecto de la variable correspondiente para obtener \(g\) (aparece una "constante" de integración que puede depender de las otras variables).<br><i>Fuente: 15-divergencia.md</i>
¿Cómo depende el flujo de la <b>orientación</b> de la superficie? ¿Qué dice la <b>regla de la mano derecha</b> para el borde?	<b>Propiedad (dependencia con la orientación):</b><br>- Si dos parametrizaciones \(\sigma\) y \(\tau\) de la misma superficie tienen la <b>misma orientación</b> (versores normales en la misma dirección), el flujo da <b>exactamente lo mismo</b>.<br>- Si una parametrización <b>invierte la orientación</b>, el flujo da <b>igual en valor absoluto pero con signo opuesto</b>.<br><br><b>Signo físico:</b> si el fluido va en la dirección del normal, caudal <b>positivo</b>; en sentido opuesto, <b>negativo</b>. En superficies <b>cerradas</b>: flujo positivo \(\Rightarrow\) sale más de lo que entra (<b>fuente</b> adentro); flujo negativo \(\Rightarrow\) entra más de lo que sale (<b>sumidero</b>).<br><br><b>Regla de la mano derecha:</b> agarrando con la mano derecha el vector normal con el <b>pulgar apuntando en la dirección de la flecha</b>, los otros cuatro dedos indican la orientación del <b>borde</b> de la superficie correspondiente a ese campo de versores normales.<br><br>\(S\) es <b>orientable</b> si su campo de versores normales \(\check{n} = \dfrac{\sigma'_u \times \sigma'_v}{\|\sigma'_u \times \sigma'_v\|}\) es <b>continuo</b> sobre la superficie (quedan definidas dos orientaciones posibles).<br><i>Fuente: 14-flujo.md</i>
¿Cuándo conviene calcular un flujo con el <b>Teorema de la Divergencia</b> y cuándo por <b>definición</b> (flujo directo)?	<b>Conviene Gauss cuando:</b><br>- La superficie es <b>cerrada</b> (frontera de una región simple \(\Omega\)) y está orientada con normales al exterior — o se puede cerrar fácilmente.<br>- La frontera tiene <b>varias caras</b> (ej. tetraedro: 4 trozos de plano): calcular el flujo cara por cara y sumar es laborioso; con Gauss es una sola integral triple.<br>- La <b>divergencia es simple</b> (constante o factorizable). Si \(\operatorname{div}\vec{F} = c\) constante: \(\oiint_{\partial\Omega} \vec{F}\cdot d\vec{S} = c \cdot V_\Omega\) (constante por volumen). Ej.: \(\vec{F}=(x,y,z)\) por el tetraedro de \(x+y+z=1\) en el primer octante: \(3 \cdot \frac{1}{6} = \frac{1}{2}\).<br>- La región y el integrando sugieren esféricas/cilíndricas (ej. \(\vec{F}=(x^3,y^3,z^3)\) por esfera de radio \(R\): \(\operatorname{div} = 3(x^2+y^2+z^2) = 3\rho^2\), resultado \(\frac{12}{5}\pi R^5\)).<br><br><b>Flujo directo (definición) cuando:</b><br>- La superficie es <b>abierta</b> (no encierra región) y no conviene cerrarla.<br>- El campo <b>no está definido en algún punto interior</b> de la región (ej. carga en el origen): Gauss no se puede aplicar directamente sobre esa región.<br><i>Fuente: 15-divergencia.md</i>
<b>Teorema de Gauss para una carga puntual:</b> demostrá que para \(\vec{F} = k\,\dfrac{(x,y,z)}{\|(x,y,z)\|^3}\) el flujo por \(\partial\Omega\) vale \(0\) si el origen no está en \(\Omega\), y \(4k\pi\) si está.	Datos previos: el dominio del campo es \(\mathbb{R}^3 - \{(0,0,0)\}\) y \(\operatorname{div}\vec{F} = 0\) en todo el dominio.<br><br><b>Paso 1 (Caso \((0,0,0) \notin \Omega_1\)):</b> el campo está definido en toda \(\Omega_1\), se aplica el teorema de la divergencia directamente:<br>\[\oiint_{\partial\Omega_1} \vec{F}\cdot d\vec{S} = \iiint_{\Omega_1} \operatorname{div}\vec{F}\,dx\,dy\,dz = \iiint_{\Omega_1} 0 = 0\]<br><br><b>Paso 2 (Caso \((0,0,0) \in \Omega_2\)):</b> no se puede aplicar Gauss directamente (el campo no está definido en el origen). Se toma una superficie esférica \(S\) centrada en el origen, contenida en \(\Omega_2\), y la región \(\Omega_3\) entre \(\partial\Omega_2\) y la esfera ("durazno sin carozo"). Su frontera es \(\partial\Omega_2 \cup S\).<br><br><b>Paso 3:</b> Orientando \(\partial\Omega_3\) positivamente: en \(\partial\Omega_2\) los normales apuntan hacia afuera y en \(S\) <b>hacia el origen</b>. El flujo se descompone:<br>\[\oiint_{\partial\Omega_3} \vec{F}\cdot d\vec{S} = \oiint_{\partial\Omega_2} \vec{F}\cdot d\vec{S} + \iint_{S} \vec{F}\cdot d\vec{S}\]<br><br><b>Paso 4:</b> El flujo por la esfera con normal hacia el origen ya se calculó (apunte 14, Ej. 3): vale \(-4k\pi\).<br><br><b>Paso 5:</b> En \(\Omega_3\) sí vale Gauss (esquiva al origen) y \(\operatorname{div}\vec{F}=0\):<br>\[\oiint_{\partial\Omega_3} \vec{F}\cdot d\vec{S} = \iiint_{\Omega_3} 0 = 0\]<br><br><b>Paso 6:</b> Entonces \(0 = \oiint_{\partial\Omega_2} \vec{F}\cdot d\vec{S} - 4k\pi\), de donde:<br>\[\oiint_{\partial\Omega_2} \vec{F}\cdot d\vec{S} = 4k\pi\]<br>independiente de la <b>forma</b> de la superficie que encierra la carga.<br><i>Fuente: 15-divergencia.md</i>
Definí <b>región simple del espacio</b> y <b>orientación positiva de su frontera</b> (las hipótesis geométricas del Teorema de la Divergencia).	<b>Región simple del espacio</b> (\(\mathbb{R}^3\)): región de integración del espacio tridimensional (donde se podrían resolver integrales triples) encerrada por superficies, de manera tal que toda su frontera es una <b>superficie simple y orientable por partes</b>. Imagen: un dado — sólido macizo cuyas seis caras, unidas, forman la superficie que lo encierra.<br><br><b>Orientación positiva de la frontera:</b> la superficie que envuelve a la región está orientada en forma positiva si sus vectores normales apuntan <b>hacia el exterior</b> de la región.<br><br><b>Superficie simple y orientable por partes:</b> varias superficies simples y orientables <b>pegadas en sus bordes</b>; las orientaciones son coherentes cuando en la curva de unión de dos piezas las orientaciones inducidas en los bordes son <b>opuestas</b> (ej. dado: los seis normales todos hacia el exterior, o todos hacia el interior).<br><i>Fuente: 15-divergencia.md</i>
Demostrá que si \(\vec{F}\) es <b>conservativo</b> entonces es <b>irrotacional</b>, y que su circulación sobre el borde de una superficie que cumple las hipótesis de Stokes es \(0\). ¿Vale el recíproco?	<b>Paso 1:</b> Si \(\vec{F} = (f_1, f_2, f_3)\) es conservativo, las derivadas cruzadas de sus componentes coinciden:<br>\[\frac{\partial f_2}{\partial x} = \frac{\partial f_1}{\partial y}, \quad \frac{\partial f_1}{\partial z} = \frac{\partial f_3}{\partial x}, \quad \frac{\partial f_2}{\partial z} = \frac{\partial f_3}{\partial y}\]<br><br><b>Paso 2:</b> En la definición del rotor, cada componente es una de esas diferencias:<br>\[\operatorname{rot}\vec{F} = \left( \frac{\partial f_3}{\partial y} - \frac{\partial f_2}{\partial z},\; \frac{\partial f_1}{\partial z} - \frac{\partial f_3}{\partial x},\; \frac{\partial f_2}{\partial x} - \frac{\partial f_1}{\partial y} \right)\]<br>como las derivadas son iguales, cada diferencia se anula: \(\operatorname{rot}\vec{F} = (0,0,0)\) (\(\vec{F}\) es <b>irrotacional</b>).<br><br><b>Paso 3:</b> Por el teorema del rotor, la circulación sobre el borde es el flujo del rotor, que es nulo:<br>\[\oint_{\partial S} \vec{F} \cdot d\vec{r} = \iint_{S} \operatorname{rot}\vec{F} \cdot d\vec{S} = \iint_{S} \vec{0} \cdot d\vec{S} = 0\]<br><br><b>Recíproco:</b> irrotacional es <b>necesario pero NO suficiente</b> para conservativo: si \(\vec{F}\) es conservativo entonces \(\operatorname{rot}\vec{F} = \vec{0}\), pero el recíproco no siempre vale.<br><i>Fuente: 16-rotor-en-el-espacio.md</i>
<b>Método:</b> calcular una circulación en el espacio usando el <b>Teorema de Stokes</b> (pasos, con el ejemplo de la intersección cilindro–plano).	<b>Paso 1:</b> Calcular \(\operatorname{rot}\vec{F}\) con el determinante. (Ej.: \(\vec{F} = (x^2, xy, z^2) \Rightarrow \operatorname{rot}\vec{F} = (0, 0, y)\).)<br><br><b>Paso 2:</b> Elegir una superficie \(S\) cuyo <b>borde sea la curva</b> dada. (Ej.: curva intersección de \(x^2+y^2=1\) y \(x+y+z=1\) → se elige el trozo del plano encerrado dentro del cilindro.)<br><br><b>Paso 3:</b> Escribir \(S\) como conjunto de nivel cero de \(g\) y calcular el normal. (Ej.: \(g = x+y+z-1\), \(\nabla g = (1,1,1)\), \(g'_z = 1\).) El flujo del rotor queda:<br>\[\iint_{S} \operatorname{rot}\vec{F} \cdot \frac{\nabla g}{|g'_z|}\, dx\, dy \quad \text{sobre la proyección } S_{xy}\]<br><br><b>Paso 4:</b> Integrar sobre la proyección, pasando a <b>polares</b> si conviene. (Ej.: \(\iint_{x^2+y^2\le 1} y\,dx\,dy = \int_0^{2\pi}\int_0^1 r^2\sin\varphi\,dr\,d\varphi = 0\) porque \(\int_0^{2\pi}\sin\varphi\,d\varphi = 0\).)<br><br><b>Cuándo conviene:</b> cuando parametrizar la curva por definición genera integrandos trigonométricos laboriosos; con Stokes suele salir "en un renglón" (ej. del plano: flujo de \((0,0,2)\) → \(2 \times\) área del triángulo proyectado \(= 1\)).<br><br><b>Verificar</b> que la orientación del borde esté en correspondencia con el normal elegido (superficie a la izquierda).<br><i>Fuente: 16-rotor-en-el-espacio.md</i>
Enunciá el Teorema de Green (teorema del rotor en el plano) con hipótesis y tesis, incluyendo qué significa orientación positiva.	<b>Hipótesis:</b><br>- \(\vec{F} = (f_1, f_2)\) es un campo vectorial en el plano, definido en un subconjunto de \(\mathbb{R}^2\), de <b>clase \(C^1\)</b> (las derivadas parciales de las funciones componentes son continuas).<br>- \(D\) es una <b>región regular del plano</b> (limitada por curvas regulares que admiten recta tangente en cada punto), incluida dentro del dominio del campo, de modo que \(\vec{F}\) pueda evaluarse en cada punto de \(D\).<br><br><b>Tesis:</b> la integral del campo a lo largo de la curva frontera \(\partial D\), orientada en sentido <b>positivo (antihorario)</b>, es igual a la integral doble del rotor de \(\vec{F}\) sobre \(D\):<br><br>\[\oint_{\partial D} \vec{F} \cdot d\vec{r} = \iint_{D} \operatorname{rot} \vec{F} \, dx \, dy\]<br><br><b>Orientación positiva:</b> la región está orientada en sentido positivo si su borde \(\partial D\) se recorre en sentido <b>antihorario</b> (convención); en sentido horario la orientación es negativa y la circulación cambia de signo. Relaciona una <b>integral de línea</b> sobre una curva cerrada con una <b>integral doble</b>.<br><i>Fuente: 09-rotor-en-el-plano.md</i>
Enunciá el corolario del Teorema de Green para el cálculo de áreas. ¿Cómo se calcula el área de una región usando una circulación?	Si se elige <b>arbitrariamente</b> un campo vectorial \(\vec{F}\) tal que su rotor valga \(1\):<br><br>\[\operatorname{rot} \vec{F} = 1\]<br><br>entonces por Green la integral doble del rotor sobre \(D\) es la integral de la función unitaria, que es el <b>área</b> de \(D\):<br><br>\[\oint_{\partial D} \vec{F} \cdot d\vec{r} = \iint_{D} 1 \, dx \, dy = \text{área}(D)\]<br><br><b>Conclusión:</b> para calcular el área de una región del plano, se elige un campo cuyo rotor valga \(1\) (por ejemplo \(\vec{F}(x,y) = (0, x)\), cuyo rotor es \(\frac{\partial}{\partial x}(x) - \frac{\partial}{\partial y}(0) = 1\)) y se calcula la circulación de ese campo alrededor del borde de la región, <b>orientado positivamente</b>.<br><i>Fuente: 09-rotor-en-el-plano.md</i>
Te dan una curva cerrada parametrizada \(\lambda(t)\) y te piden el área que encierra. ¿Cuáles son los pasos? (Ejemplo: elipse de semiejes \(a\) y \(b\).)	<b>Paso 1:</b> Elegir un campo con rotor \(1\), por ejemplo \(\vec{F}(x,y) = (0, x)\): \(\operatorname{rot}\vec{F} = \frac{\partial}{\partial x}(x) - \frac{\partial}{\partial y}(0) = 1\).<br><br><b>Paso 2:</b> Por el corolario de Green: \(\text{área}(D) = \oint_{\partial D} \vec{F} \cdot d\vec{r}\), con \(\partial D\) positivamente orientada.<br><br><b>Paso 3:</b> Parametrizar la curva. Para la elipse: \(\lambda(t) = (a\cos t, \, b\sin t)\), \(t \in [0, 2\pi]\) (verificar: \(\frac{x^2}{a^2} + \frac{y^2}{b^2} = \cos^2 t + \sin^2 t = 1\); con \(t\) de \(0\) a \(2\pi\) se recorre en sentido antihorario).<br><br><b>Paso 4:</b> Plantear \(\int \vec{F}(\lambda(t)) \cdot \lambda'(t)\,dt\) con \(\lambda'(t) = (-a\sin t, \, b\cos t)\). Como \(\vec{F} = (0,x)\) sólo sobrevive el producto de la segunda componente:<br><br>\[\oint_{\partial D} \vec{F} \cdot d\vec{r} = \int_{0}^{2\pi} a\cos t \cdot b\cos t \, dt = \int_{0}^{2\pi} a\,b\,\cos^2 t \, dt\]<br><br><b>Paso 5:</b> Integrar con la primitiva \(\int \cos^2 t\,dt = \frac{t}{2} + \frac{\sin(2t)}{4}\); evaluando entre \(0\) y \(2\pi\) queda \(\pi\).<br><br><b>Paso 6:</b> Resultado: \(\text{área}(D) = \pi\,a\,b\).<br><i>Fuente: 09-rotor-en-el-plano.md</i>
¿Cómo se define el rotor de un campo vectorial \(\vec{F} = (f_1, f_2)\) en el plano? ¿Cuándo se dice que el campo es irrotacional?	Dado un campo vectorial \(\vec{F} = (f_1, f_2)\) definido en un subconjunto del plano (cada componente función de \(x, y\)), el <b>rotor</b> es el <b>escalar</b> que resulta de la diferencia entre la derivada parcial de la segunda componente respecto de \(x\) y la derivada parcial de la primera componente respecto de \(y\):<br><br>\[\operatorname{rot} \vec{F} = \frac{\partial f_2}{\partial x} - \frac{\partial f_1}{\partial y}\]<br><br>Cuando el rotor es igual a <b>cero</b>, el campo se dice <b>irrotacional</b> (\(\operatorname{rot}\vec{F} = 0\)).<br><br><i>Ejemplo:</i> para \(\vec{F}(x,y) = (-y, x)\): \(\operatorname{rot}\vec{F} = 1 - (-1) = 2\) en todo punto.<br><i>Fuente: 09-rotor-en-el-plano.md</i>
Enunciá el teorema de cambio de variables en integrales dobles: hipótesis sobre la transformación \(g\) y tesis (fórmula con el jacobiano).	Se tiene una función continua \(f\) sobre la región \(D\) (variables \(x, y\)) y una transformación de coordenadas \(g\) definida en \(D^<i>\) (variables \(u, v\)) que manda los puntos de \(D^</i>\) a \(D\).<br><br><b>Hipótesis sobre \(g\):</b><br>- Es <b>inyectiva</b>: a cada elemento de \(D^*\) le corresponde uno y solo uno de \(D\) (equivale a que admite inversa \(g^{-1}\)).<br>- Tiene <b>derivadas parciales continuas</b>.<br>- Su <b>jacobiano</b> (determinante de la matriz jacobiana) es <b>distinto de cero</b>, al menos en el <b>interior</b> de \(D^*\) (lo que ocurra en el borde no importa).<br><br><b>Tesis:</b><br><br>\[\iint_{D} f(x,y)\,dx\,dy = \iint_{D^*} f\big(x(u,v),\, y(u,v)\big)\,\left| J \right|\,du\,dv\]<br><br>Es el equivalente al método de sustitución de las integrales simples: se integra la función evaluada en las nuevas variables sobre \(D^*\), multiplicando el integrando por el <b>módulo del jacobiano</b>.<br><i>Fuente: 02-integrales-dobles-ii.md</i>
¿Qué es la matriz jacobiana y el jacobiano de una transformación? Deducí que el jacobiano de las coordenadas polares vale \(\rho\).	La <b>matriz jacobiana</b> es la matriz formada por todas las derivadas parciales de todas las funciones componentes. Para \(x = x(\rho,\varphi)\), \(y = y(\rho,\varphi)\):<br><br>\[J = \begin{pmatrix} \dfrac{\partial x}{\partial \rho} & \dfrac{\partial x}{\partial \varphi} \\ \dfrac{\partial y}{\partial \rho} & \dfrac{\partial y}{\partial \varphi} \end{pmatrix}\]<br><br>Al <b>determinante</b> de esa matriz se lo llama <b>jacobiano</b>.<br><br><b>Coordenadas polares:</b> \(x = \rho\cos\varphi\), \(y = \rho\sin\varphi\):<br><br>\[J = \begin{vmatrix} \cos\varphi & -\rho\sin\varphi \\ \sin\varphi & \rho\cos\varphi \end{vmatrix} = \rho\cos^2\varphi + \rho\sin^2\varphi = \rho(\cos^2\varphi + \sin^2\varphi) = \rho\]<br><br>Por lo tanto \(J = \rho\). (Vale cero en el origen, pero eso no importa porque el jacobiano se exige distinto de cero sólo en el interior de \(D^*\), no en la frontera.)<br><i>Fuente: 02-integrales-dobles-ii.md</i>
Si en un cambio de variables el dato es la transformación inversa \(g^{-1}\) (de las coordenadas originales a las nuevas), ¿cómo se obtiene el jacobiano de \(g\)?	Se invierte el jacobiano de \(g^{-1}\), apoyándose en la propiedad análoga a la derivada de la función inversa de Análisis I:<br><br>\[J_{g} = \frac{1}{J_{g^{-1}}}\]<br><br><i>Ejemplo:</i> con \(u = x+y\), \(v = x-y\) (esta es \(g^{-1}\)):<br><br>\[J_{g^{-1}} = \begin{vmatrix} 1 & 1 \\ 1 & -1 \end{vmatrix} = (1)(-1) - (1)(1) = -2 \quad\Rightarrow\quad J_g = \frac{1}{-2} = -\frac{1}{2}\]<br><br><b>Ojo con la orientación:</b> las coordenadas <i>originales</i> son las de la integral doble planteada; \(g\) es la función que a las coordenadas <i>nuevas</i> les hace corresponder las originales. En la integral se usa el <b>módulo</b>: \(|J_g| = \frac{1}{2}\).<br><i>Fuente: 02-integrales-dobles-ii.md</i>
Ejercicio tipo T1: te dan área\((D)\) y una transformación (por ejemplo lineal), y te piden área\((D^*)\). ¿Qué rol cumple el módulo del jacobiano y cómo se razona?	El módulo del jacobiano <b>corrige las áreas</b> de las regiones de integración cuando la transformación las deforma: está asociado a la <b>relación entre los tamaños de las áreas</b> de \(D\) y \(D^*\).<br><br><i>Ejemplo del apunte</i> (cambio \(u = x+y\), \(v = x-y\), con \(|J_g| = \frac{1}{2}\)):<br>- Área de \(D\) (cuadrado de lado \(\sqrt{2}\)): \(\text{área}(D) = 2\).<br>- Área de \(D^<i>\) (base de \(1\) a \(3\) mide \(2\), altura de \(-1\) a \(1\) mide \(2\)): \(\text{área}(D^</i>) = 4\).<br>- Al pasar a \(D^*\) el área <b>se agrandó</b> (de \(2\) a \(4\)); para que la integral dé lo mismo hubo que multiplicar por \(\frac{1}{2}\), que es exactamente el módulo del jacobiano.<br><br><b>Regla práctica:</b> como la transformación es <b>lineal</b>, el jacobiano es una <b>constante</b>, y entonces<br><br>\[\text{área}(D) = \iint_{D^<i>} |J|\,du\,dv = |J| \cdot \text{área}(D^</i>)\]<br><br>(caso \(f \equiv 1\) del teorema). Conocida una de las dos áreas y \(|J|\), se despeja la otra. Si el jacobiano no es constante (ej. polares, \(J = \rho\)), no se puede sacar de la integral.<br><i>Fuente: 02-integrales-dobles-ii.md</i>
Formato 2024-2025: te dan una integral en polares tipo \(\int_0^{\pi/2}\int_0^{2\cos\varphi} \rho^3 \,d\rho\,d\varphi\). ¿Cómo identificás la región (graficarla) y la pasás a cartesianas? ¿Qué curva es \(\rho = 2\cos\varphi\)?	<b>Paso 1 — Identificar la curva frontera:</b> la cota \(\rho \le 2R\cos\varphi\) proviene de la circunferencia desplazada sobre el eje \(x\). En el apunte: la región \(x^2 + y^2 \le 2Rx\) se identifica <b>completando cuadrados</b>:<br><br>\[x^2 - 2Rx + R^2 + y^2 \le R^2 \;\Rightarrow\; (x-R)^2 + y^2 \le R^2\]<br><br>interior de una circunferencia de radio \(R\) centrada en \((R, 0)\) (llega hasta \(2R\) sobre el eje \(x\)). Con \(R = 1\): \(\rho = 2\cos\varphi \leftrightarrow x^2 + y^2 = 2x \leftrightarrow (x-1)^2 + y^2 = 1\).<br><br><b>Paso 2 — De cartesianas a polares (y viceversa):</b> reemplazando \(x = \rho\cos\varphi\), \(y = \rho\sin\varphi\): \(\rho^2 \le 2R\rho\cos\varphi\), y simplificando \(\rho \ne 0\): \(\rho \le 2R\cos\varphi\). (Análogo: \(\rho = 2R\sin\varphi \leftrightarrow x^2 + (y-R)^2 = R^2\), circunferencia tangente al eje \(x\) desplazada en \(y\).)<br><br><b>Paso 3 — Rango del ángulo:</b> para la circunferencia desplazada sobre el eje \(x\), \(\varphi\) varía entre \(-\frac{\pi}{2}\) y \(\frac{\pi}{2}\); si además \(\varphi \in [0, \frac{\pi}{2}]\), es sólo la <b>mitad superior</b> (primer cuadrante).<br><br><b>Paso 4 — Reescribir el integrando:</b> deshacer el cambio recordando que el integrando en polares ya incluye el jacobiano \(\rho\): por ejemplo \(\rho^3 = \rho^2 \cdot \rho = (x^2+y^2)\cdot|J|\), así que en cartesianas el integrando es \(x^2+y^2\). Describir la región como tipo 1 o tipo 2 con las cotas de la circunferencia.<br><i>Fuente: 03-integrales-dobles-iii.md</i>
¿Qué es una región regular del plano y cuál es la convención de orientación positiva para su frontera? ¿Y para regiones con agujeros (múltiplemente conexas)?	<b>Región regular:</b> una región \(D\) del plano delimitada de manera que su <b>frontera resulta de la unión de curvas regulares</b> (curvas que admiten recta tangente en cada uno de sus puntos). \(\partial D\) denota el borde o frontera.<br><br><b>Orientación (convención):</b><br>- Borde recorrido en sentido <b>antihorario</b> → orientación <b>positiva</b>.<br>- Borde recorrido en sentido <b>horario</b> → orientación <b>negativa</b>.<br>- Sólo tiene sentido para <b>curvas cerradas</b>.<br><br><b>Regiones regulares por partes:</b> el teorema de Green también vale; en los bordes comunes entre pedazos las orientaciones se <b>compensan</b> y sólo quedan los bordes externos, orientados antihorario.<br><br><b>Conjuntos múltiplemente conexos (ej. anillo):</b> la región está orientada en forma <b>positiva</b> cuando el <b>borde externo</b> va en sentido <b>antihorario</b> y el <b>borde interno</b> en sentido <b>horario</b>.<br><i>Fuente: 09-rotor-en-el-plano.md</i>
¿Cuándo conviene usar el Teorema de Green para calcular una circulación y cuáles son los pasos? (Ejemplo tipo: \(\vec{F}\) alrededor del borde de un triángulo.)	<b>Cuándo:</b> para calcular circulaciones (integrales de campos vectoriales alrededor de <b>curvas cerradas</b>), transformándolas en integrales dobles a menudo más sencillas — evita parametrizar cada tramo del borde y sumar las integrales de línea (mucho más laborioso).<br><br><b>Pasos (ejercicio del triángulo, \(D\) en el primer cuadrante limitada por \(x+y=3\)):</b><br><br><b>Paso 1:</b> Verificar hipótesis: \(\vec{F}\) de clase \(C^1\) definida en toda \(D\), región regular, borde orientado positivamente (antihorario).<br><br><b>Paso 2:</b> Aplicar el teorema: \(\oint_{\partial D} \vec{F} \cdot d\vec{r} = \iint_{D} \operatorname{rot} \vec{F} \, dx \, dy\).<br><br><b>Paso 3:</b> Calcular \(\operatorname{rot}\vec{F} = \frac{\partial f_2}{\partial x} - \frac{\partial f_1}{\partial y}\). Si es constante \(c\), sale de la integral: \(\iint_D c\,dx\,dy = c \cdot \text{área}(D)\).<br><br><b>Paso 4:</b> Calcular el área con geometría (triángulo: \(\frac{\text{base}\cdot\text{altura}}{2} = \frac{3\cdot 3}{2} = \frac{9}{2}\)) o con la integral doble.<br><br><b>Ojo con el sentido:</b> Green da la circulación en sentido <b>antihorario</b>; si piden sentido <b>horario</b>, el resultado es el <b>opuesto</b> (si en positivo dio \(9\), en horario da \(-9\)).<br><i>Fuente: 09-rotor-en-el-plano.md</i>
¿Cuál es la interpretación física del rotor en el plano como límite? (fórmula del cociente circulación/área)	Sea \(\vec{F}\) de clase \(C^1\) y \((x_0, y_0)\) un punto de su dominio. Tomando una región \(D\) con forma de circunferencia de radio \(r\) centrada en \((x_0, y_0)\), el cociente entre la circulación del campo alrededor de \(\partial D\) positivamente orientada y el área encerrada, cuando \(r \to 0\), coincide con el rotor en ese punto:<br><br>\[\operatorname{rot} \vec{F}(x_0, y_0) = \lim_{r \to 0} \frac{\displaystyle\oint_{\partial D} \vec{F} \cdot d\vec{r}}{\text{área}(D)}\]<br><br>Tanto el trabajo como el área tienden a cero, pero el cociente de esos dos infinitésimos tiende al valor del rotor: el rotor se interpreta como el cociente entre una <b>circulación (trabajo)</b> y el <b>área encerrada</b>.<br><br><i>Verificación con \(\vec{F} = (-y,x)\):</i> circulación sobre circunferencia de radio \(r\) da \(2\pi r^2\); área \(\pi r^2\); el cociente da \(2 = \operatorname{rot}\vec{F}\).<br><i>Fuente: 09-rotor-en-el-plano.md</i>
Forma general de la EDO lineal de 2° orden. ¿Qué hipótesis se piden sobre los coeficientes y qué garantizan?	\[a_2(x)\,y'' + a_1(x)\,y' + a_0(x)\,y = f(x)\]<br><br><b>Homogénea</b> si \(f(x)=0\) para todo \(x\) del dominio.<br><br><b>Hipótesis:</b> \(f, a_2, a_1, a_0\) continuas y \(a_2(x)\neq 0\) en el dominio. Garantizan que exista la <b>solución general</b> y que, dadas condiciones iniciales, exista la <b>solución particular</b> que las satisface.<br><br>Dividiendo por \(a_2\neq 0\) queda la forma reducida \(y'' + p\,y' + q\,y = f/a_2\).<br><i>Fuente: 18-ecuaciones-diferenciales-lineales-ii.md</i>
Definí <b>solución general</b> y <b>solución particular</b> de una EDO de orden \(n\) (T2 del 2025-07-18).	<b>Solución general:</b> familia de soluciones que depende de <b>tantas constantes arbitrarias como el orden</b> de la ecuación (\(n\) constantes; 2° orden \(\Rightarrow\) 2).<br><br><b>Solución particular:</b> una solución concreta sin constantes arbitrarias — se obtiene fijando las constantes de la general, típicamente imponiendo condiciones iniciales \(y(x_0)=y_0\), \(y'(x_0)=y_1\).<br><br>Una función es <b>solución</b> si al reemplazarla (con sus derivadas) transforma la ecuación en una <b>identidad</b>, satisfecha para todo valor de la variable.<br><i>Fuente: 18 (y 17)</i>
¿De dónde sale la <b>ecuación característica</b> \(m^2+pm+q=0\)? Deducción completa.	Para \(y''+p\,y'+q\,y=0\) se propone \(y=e^{mx}\):<br><br><b>Paso 1:</b> \(y'=m\,e^{mx}\), \(y''=m^2 e^{mx}\).<br><br><b>Paso 2:</b> reemplazar: \(m^2 e^{mx} + p\,m\,e^{mx} + q\,e^{mx} = 0\).<br><br><b>Paso 3:</b> factor común: \(e^{mx}\left(m^2+p\,m+q\right)=0\).<br><br><b>Paso 4:</b> \(e^{mx}\neq 0\) siempre \(\Rightarrow\) debe anularse el paréntesis:<br><br>\[m^2 + p\,m + q = 0\]<br><br>\(y=e^{mx}\) es solución <b>solo si</b> \(m\) es raíz de esta ecuación (la <b>característica</b>).<br><i>Fuente: 18 (Ej. 4)</i>
Los <b>3 casos de raíces</b> de la ecuación característica y la solución general de cada uno.	<b>Caso 1 — raíces reales distintas</b> (\(m_1\neq m_2\)):<br><br>\[y = c_1\,e^{m_1 x} + c_2\,e^{m_2 x}\]<br><br><b>Caso 2 — raíz real doble</b> (\(m=-p/2\)):<br><br>\[y = c_1\,e^{mx} + c_2\,x\,e^{mx}\]<br><br><b>Caso 3 — raíces complejas conjugadas</b> (\(m = \alpha\pm\beta i\), con \(\alpha=-\dfrac{p}{2}\), \(\beta=\dfrac{\sqrt{4q-p^2}}{2}\)):<br><br>\[y = e^{\alpha x}\left[c_1\cos(\beta x) + c_2\sin(\beta x)\right]\]<br><br>En la práctica: resolvé la característica y leé \(\alpha\) y \(\beta\) directo de las raíces (\(\beta\) = coeficiente positivo de \(x\) en las trigonométricas). Ejemplo: \(m^2+2m+5=0 \Rightarrow m=-1\pm 2i \Rightarrow y=e^{-x}[c_1\cos 2x + c_2\sin 2x]\).<br><i>Fuente: 18 (con corrección de β)</i>
T2 (2015-11-25): demostrá que si \(y_1\) e \(y_2\) son soluciones de la homogénea, entonces \(y=c_1 y_1+c_2 y_2\) es solución. ¿Cuándo es LA solución general?	<b>Paso 1:</b> \(y' = c_1 y_1' + c_2 y_2'\).<br><br><b>Paso 2:</b> \(y'' = c_1 y_1'' + c_2 y_2''\).<br><br><b>Paso 3:</b> reemplazar en el miembro izquierdo de \(a_2 y''+a_1 y'+a_0 y = 0\):<br><br>\[a_2(c_1 y_1''+c_2 y_2'') + a_1(c_1 y_1'+c_2 y_2') + a_0(c_1 y_1+c_2 y_2)\]<br><br><b>Paso 4:</b> distribuir y sacar factor común \(c_1\) y \(c_2\):<br><br>\[c_1(a_2 y_1''+a_1 y_1'+a_0 y_1) + c_2(a_2 y_2''+a_1 y_2'+a_0 y_2)\]<br><br><b>Paso 5:</b> cada paréntesis vale \(0\) porque \(y_1\) e \(y_2\) son soluciones (hipótesis) \(\Rightarrow\) \(c_1\cdot 0 + c_2\cdot 0 = 0\): es solución. \(\blacksquare\)<br><br>Es <b>LA solución general</b> si además \(y_1, y_2\) son <b>linealmente independientes</b> (\(y_2/y_1\) no constante): así la combinación tiene 2 constantes efectivas, tantas como el orden.<br><i>Fuente: 18 (Ej. 2)</i>
Demostrá que \(y = y_c + y_p\) es la <b>solución general de la no homogénea</b> (\(y_c\) = general de la homogénea asociada, \(y_p\) = particular de la no homogénea).	<b>Paso 1:</b> \(y' = y_c' + y_p'\), \(\quad y'' = y_c'' + y_p''\).<br><br><b>Paso 2:</b> reemplazar en \(a_2 y''+a_1 y'+a_0 y\):<br><br>\[a_2(y_c''+y_p'') + a_1(y_c'+y_p') + a_0(y_c+y_p)\]<br><br><b>Paso 3:</b> distribuir y reagrupar:<br><br>\[\big(a_2 y_c''+a_1 y_c'+a_0 y_c\big) + \big(a_2 y_p''+a_1 y_p'+a_0 y_p\big)\]<br><br><b>Paso 4:</b> el primer paréntesis vale \(0\) (\(y_c\) es solución de la homogénea) y el segundo vale \(f(x)\) (\(y_p\) es solución de la no homogénea):<br><br>\[0 + f(x) = f(x) \quad\blacksquare\]<br><br>Y es <b>la general</b> porque \(y_c\) aporta las 2 constantes arbitrarias.<br><i>Fuente: 19</i>
Las 3 variantes de T2 de superposición NO homogénea: (a) \(y_1+y_2\); (b) \(y_1-y_2\); (c) \(k\,y_p\). Demostralas.	Hipótesis: \(y_1\) es solución de \(a_2 y''+a_1 y'+a_0 y = f_1(x)\) e \(y_2\) de \(\dots = f_2(x)\) (mismos coeficientes).<br><br><b>(a) \(y_1+y_2\) es solución de \(\dots = f_1+f_2\)</b> <i>(2017-07-05)</i>:<br><br><b>Paso 1:</b> \((y_1+y_2)' = y_1'+y_2'\) y \((y_1+y_2)'' = y_1''+y_2''\).<br><br><b>Paso 2:</b> reemplazar, distribuir y reagrupar:<br><br>\[\big(a_2 y_1''+a_1 y_1'+a_0 y_1\big) + \big(a_2 y_2''+a_1 y_2'+a_0 y_2\big) = f_1(x) + f_2(x) \quad\blacksquare\]<br><br><b>(b) \(y_1-y_2\) es solución de \(\dots = f_1-f_2\)</b> <i>(2017-11-16, 2022-11-24)</i>: idéntico, restando los grupos: \(f_1(x)-f_2(x)\). \(\blacksquare\)<br><br><b>(c) si \(y_p\) es solución de \(\dots = g(x)\), entonces \(k\,y_p\) es solución de \(\dots = k\,g(x)\)</b> <i>(2022-07-15)</i>: \((k y_p)'=k y_p'\), \((k y_p)''=k y_p''\); al reemplazar sale factor común \(k\):<br><br>\[k\big(a_2 y_p''+a_1 y_p'+a_0 y_p\big) = k\,g(x) \quad\blacksquare\]<br><br>Las tres usan la misma técnica del apunte: <b>derivar → reemplazar → distribuir → agrupar → usar la hipótesis de cada grupo</b>.<br><i>Fuente: 19 (superposición) + técnica del 18</i>
<b>Coeficientes indeterminados:</b> ¿qué \(y_p\) proponés según la forma de \(f(x)\), y por qué funciona?	Requiere coeficientes constantes y \(f(x)\) de forma "linda":<br><br>- \(f\) = <b>polinomio de grado \(n\)</b> \(\Rightarrow\) proponer polinomio completo de grado \(n\): \(y_p = ax^n+\dots+b\).<br>- \(f\) = <b>seno o coseno</b> \(\Rightarrow\) proponer \(A\cos(\omega x)+B\sin(\omega x)\) (los dos, aunque \(f\) tenga uno solo).<br>- \(f\) = <b>exponencial</b> \(e^{kx}\) \(\Rightarrow\) proponer \(A\,e^{kx}\).<br>- \(f\) = <b>suma</b> de varios \(\Rightarrow\) por superposición, proponer una \(y_p\) para cada término y sumar.<br><br><b>Por qué funciona:</b> las derivadas conservan el formato (un polinomio deriva a polinomios, una exponencial a exponenciales), así que al reemplazar se pueden <b>comparar coeficientes</b> y despejar. En estos parciales el término derecho es siempre polinomio/constante/exponencial/coseno: coeficientes indeterminados alcanza para todos.<br><i>Fuente: 19</i>
<b>Resonancia:</b> ¿cuándo multiplicás la propuesta de \(y_p\) por \(x\) o por \(x^2\)? ¿Cuál es la señal práctica?	Cuando \(f(x)\) contiene \(e^{m_1 x}\) con \(m_1\) <b>raíz de la ecuación característica</b>:<br><br>- raíz <b>simple</b> \(\Rightarrow\) multiplicar la propuesta por \(x\): \(y_p = x\cdot(\text{propuesta})\).<br>- raíz <b>doble</b> (\(m_1=m_2\)) \(\Rightarrow\) multiplicar por \(x^2\).<br><br><b>Señal práctica:</b> si al comparar coeficientes el sistema da <b>incompatible</b>, multiplicá por \(x\); si vuelve a dar incompatible, por \(x^2\).<br><br>(Ojo: una constante en \(f\) es \(e^{0x}\) — hay resonancia si \(m=0\) es raíz, como en \(y''+4y'=8\).)<br><i>Fuente: 19</i>
Receta completa del P4 del parcial: «resolver \(y''+p\,y'+q\,y=f(x)\) con \(y(0)=a\), \(y'(0)=b\)».	<b>Paso 1:</b> homogénea asociada: característica \(m^2+pm+q=0\) → identificar el caso de raíces → \(y_c\) (con \(c_1, c_2\)).<br><br><b>Paso 2:</b> \(y_p\) por coeficientes indeterminados según la forma de \(f(x)\) (atención a la resonancia).<br><br><b>Paso 3:</b> solución general \(y = y_c + y_p\).<br><br><b>Paso 4:</b> calcular \(y'\) e imponer \(y(0)=a\), \(y'(0)=b\) \(\Rightarrow\) sistema \(2\times 2\) en \(c_1, c_2\).<br><br><b>Paso 5:</b> escribir la solución particular final (y verificar reemplazando, si hay tiempo).<br><br>P4 reales del banco: \(y''+4y'=8\) · \(y''-6y'+9y=2x\) · \(y''-2y'+5y=2x\) · \(y''-4y'+13y=26\) · \(y''+y'-2y=\cos x\) · \(y''-3y'=2-6x\).<br><i>Fuente: 18/19 + banco del INDICE</i>
Teorema de <b>existencia y unicidad</b> para la EDO lineal de 2° orden: hipótesis y tesis.	<b>Hipótesis:</b> \(a_2, a_1, a_0\) (y \(f\)) <b>continuas</b> en un conjunto abierto, y \(a_2\neq 0\) en dicho conjunto.<br><br><b>Tesis:</b> la solución de la ecuación que satisface las dos condiciones iniciales<br><br>\[y(x_0)=y_0, \qquad y'(x_0)=y_1\]<br><br><b>existe y es única</b>.<br><i>Fuente: 19</i>
Criterio del cociente para <b>independencia lineal</b> de dos soluciones. ¿Por qué importa para la solución general?	\[\frac{y_2}{y_1} = \text{constante} \Rightarrow \text{linealmente dependientes}; \qquad \frac{y_2}{y_1} = \text{función de } x \Rightarrow \text{independientes}\]<br><br>Importa porque la solución general de la homogénea necesita \(y_1, y_2\) <b>LI</b>: si \(y_2 = k\,y_1\), la combinación \(c_1 y_1 + c_2 k y_1 = y_1(c_1+c_2 k)\) colapsa a <b>una sola</b> constante y no puede ser la general (que necesita 2).<br><i>Fuente: 18</i>
